<?xml version="1.0" encoding="UTF-8"?>
<beans xmlns="http://www.springframework.org/schema/beans"
	xmlns:xsi="http://www.w3.org/2001/XMLSchema-instance" xmlns:tx="http://www.springframework.org/schema/tx"
	xmlns:context="http://www.springframework.org/schema/context"
	xsi:schemaLocation="http://www.springframework.org/schema/beans
	http://www.springframework.org/schema/beans/spring-beans-3.0.xsd
        http://www.springframework.org/schema/context
        http://www.springframework.org/schema/context/spring-context-3.0.xsd
        http://www.springframework.org/schema/tx
	http://www.springframework.org/schema/tx/spring-tx-3.2.xsd">

	<!-- import security config -->
	<import resource="springsecurity.xml" />

	<!-- needed for security tag lib expression support -->
	<bean id="webexpressionHandler"
		class="org.springframework.security.web.access.expression.DefaultWebSecurityExpressionHandler" />


	<!-- Hibernate SessionFactory -->
	<bean id="sessionFactory"
		class="org.springframework.orm.hibernate4.LocalSessionFactoryBean">
		<property name="dataSource" ref="dataSource" />
		<property name="hibernateProperties" ref="hibernateProperties" />
		<!-- OR mapping files. -->
		<property name="annotatedClasses">
			<list>
				<value>cs544.validation.Car</value>
			</list>
		</property>
	</bean>

	<!-- the datasource -->
	<bean id="dataSource"
		class="org.springframework.jdbc.datasource.DriverManagerDataSource">
		<property name="driverClassName" value="com.mysql.jdbc.Driver" />
		<property name="url" value="jdbc:mysql://localhost/cs544" />
		<property name="username" value="cs544" />
		<property name="password" value="201511" />
	</bean>

	<!-- hibernate Properties -->
	<bean id="hibernateProperties"
		class="org.springframework.beans.factory.config.PropertiesFactoryBean">
		<property name="properties">
			<props>
				<prop key="hibernate.hbm2ddl.auto">create</prop>
				<prop key="hibernate.dialect">org.hibernate.dialect.MySQL5Dialect
				</prop>
				<prop key="connection.pool_size">1</prop>
				<prop key="hibernate.show_sql">true</prop>
			</props>
		</property>
	</bean>

	<bean id="txManager"
		class="org.springframework.orm.hibernate4.HibernateTransactionManager">
		<property name="sessionFactory" ref="sessionFactory" />
	</bean>

	<!-- look for transaction annotations -->
	<tx:annotation-driven transaction-manager="txManager" />

	<!-- manually create the carService here -->
	<bean id="carService" class="cs544.validation.CarDao">
		<property name="sessionFactory" ref="sessionFactory" />
	</bean>

</beans>