<?xml version="1.0" encoding="UTF-8"?>
<beans:beans xmlns="http://www.springframework.org/schema/security"
	xmlns:beans="http://www.springframework.org/schema/beans" xmlns:xsi="http://www.w3.org/2001/XMLSchema-instance"
	xmlns:tx="http://www.springframework.org/schema/tx"
	xsi:schemaLocation="http://www.springframework.org/schema/beans
	http://www.springframework.org/schema/beans/spring-beans-3.0.xsd
        http://www.springframework.org/schema/tx
	http://www.springframework.org/schema/tx/spring-tx-3.2.xsd
	http://www.springframework.org/schema/security
	http://www.springframework.org/schema/security/spring-security-3.2.xsd">

	<!-- needed for security tag lib expression support -->
	<beans:bean id="webexpressionHandler"
		class="org.springframework.security.web.access.expression.DefaultWebSecurityExpressionHandler" />

	<http pattern="/" security="none" />
	<http pattern="/resources/**" security="none" />

	<http>
		<intercept-url pattern="/login" access="IS_AUTHENTICATED_ANONYMOUSLY" />
		<intercept-url pattern="/loginfailed" access="IS_AUTHENTICATED_ANONYMOUSLY" />
		<intercept-url pattern="/**" method="POST" access="ROLE_ADMIN" />
		<intercept-url pattern="/addCar" method="GET" access="ROLE_ADMIN" />
		<intercept-url pattern="/**" access="ROLE_USER" method="GET" />
		<form-login login-page="/login" authentication-failure-url="/loginfailed"
			default-target-url="/cars" />
		<logout logout-success-url="/" />
	</http>

	<authentication-manager>
		<authentication-provider>
			<user-service>
				<user name="bob" password="bobiscool" authorities="ROLE_USER" />
				<user name="test" password="123" authorities="ROLE_USER, ROLE_ADMIN" />
			</user-service>
		</authentication-provider>
	</authentication-manager>

	<!-- <authentication-manager> <authentication-provider> <password-encoder 
		hash="bcrypt" /> <jdbc-user-service data-source-ref="dataSource" /> </authentication-provider> 
		</authentication-manager> <beans:bean id="dataSource" class="org.springframework.jdbc.datasource.DriverManagerDataSource"> 
		<beans:property name="driverClassName" value="com.mysql.jdbc.Driver"/> <beans:property 
		name="url" value="jdbc:mysql://localhost/cs544"/> <beans:property name="username" 
		value="root"/> <beans:property name="password" value=""/> </beans:bean> -->


</beans:beans>