<?xml version="1.0" encoding="UTF-8"?>
<beans xmlns="http://www.springframework.org/schema/beans"
	xmlns:xsi="http://www.w3.org/2001/XMLSchema-instance" xmlns:task="http://www.springframework.org/schema/task"
	xsi:schemaLocation="
		http://www.springframework.org/schema/beans
		http://www.springframework.org/schema/beans/spring-beans-4.0.xsd
		http://www.springframework.org/schema/task
		http://www.springframework.org/schema/task/spring-task-4.0.xsd">

	<bean name="welcomeBean" class="edu.mum.cs.cs544.examples.scheduling.spring.HelloWorldPojo">
		<property name="message" value="Hello World - Quartz Version" />
	</bean>
	
	<bean name="job"
		class="org.springframework.scheduling.quartz.MethodInvokingJobDetailFactoryBean">
		<property name="targetObject" ref="welcomeBean" />
		<property name="targetMethod" value="welcome" />
	</bean>
	
	<bean id="trigger"
		class="org.springframework.scheduling.quartz.CronTriggerFactoryBean">
		<property name="jobDetail" ref="job" />
		<property name="cronExpression" value="0/5 * * * * ?" />
	</bean>
	
	<bean class="org.springframework.scheduling.quartz.SchedulerFactoryBean">
		<property name="triggers">
			<list>
				<ref bean="trigger" />
			</list>
		</property>
	</bean>
</beans>