<beans:beans xmlns="http://www.springframework.org/schema/security"
	xmlns:beans="http://www.springframework.org/schema/beans" xmlns:xsi="http://www.w3.org/2001/XMLSchema-instance"
	xsi:schemaLocation="http://www.springframework.org/schema/beans http://www.springframework.org/schema/beans/spring-beans.xsd
    http://www.springframework.org/schema/security http://www.springframework.org/schema/security/spring-security.xsd">

	<http auto-config="true">
		<access-denied-handler error-page="/accessdenied" />
		<intercept-url pattern="/" access="permitAll" />
		<intercept-url pattern="/home" access="permitAll" />
		<intercept-url pattern="/user" access="hasAnyRole('ROLE_USER','ROLE_ADMIN')" />
		<intercept-url pattern="/admin" access="hasRole('ROLE_ADMIN')" />
		<form-login default-target-url="/" />
		<logout logout-success-url="/" />
		<csrf />
	</http>

	<authentication-manager>
		<authentication-provider>
			<user-service>
				<user name="user" password="user" authorities="ROLE_USER" />
				<user name="admin" password="admin" authorities="ROLE_ADMIN, ROLE_USER" />
			</user-service>
		</authentication-provider>
	</authentication-manager>


</beans:beans>